Country,Year,GDP (in Trillions USD),GDP per Capita (in USD),Inflation Rate (%),Population (in Millions),Population Growth Rate (%),Urban Population (%),Life Expectancy (Years),Healthcare Expenditure per Capita (USD),Doctor-to-Patient Ratio,Literacy Rate (%),Education Expenditure as % of GDP,Internet Penetration (%),Smartphone Adoption (%),Energy Consumption (TWh),Renewable Energy Share (%),Military Expenditure (in Billion USD),Number of Active Military Personnel,CO2 Emissions (Million Metric Tons),Forest Coverage (%),Number of Airports,Road Network Length (in km),Public Transport Usage (%),Human Development Index (HDI),Gender Equality Index,Poverty Rate (%),Number of International Visitors (in Millions),Tourism Revenue (in Billion USD),Agricultural Land (%),Unemployment Rate (%),Labor Force Participation Rate (%),"Crime Rate (per 100,000)",Corruption Perception Index,Freedom of Press Index,Voting Participation Rate (%)
Russia,2009,1.62,10758.00,2.97,145.29,0.10,76.66,74.05,506.10,3.87,103.06,4.38,85.43,73.72,1001.70,18.09,62.26,1050000.00,1673.60,47.09,1143.60,1437000.00,24.15,0.79,0.72,12.84,23.80,35.84,13.17,4.60,58.80,494.00,28.56,143.70,66.75
Russia,2001,1.66,10890.00,3.00,152.10,0.10,71.56,69.99,529.73,3.94,97.61,4.21,86.60,74.63,1056.30,19.36,62.50,1030000.00,1614.40,49.24,1158.00,1575000.00,24.23,0.79,0.73,11.97,23.75,34.97,13.17,4.58,62.58,520.00,28.83,151.65,62.73
Russia,2007,1.56,10692.00,3.08,138.47,0.10,73.26,74.49,523.42,4.16,98.90,4.44,84.17,75.85,1022.70,19.80,62.13,956000.00,1660.80,47.92,1149.60,1462500.00,23.88,0.81,0.69,12.18,25.93,36.12,13.35,4.56,61.08,490.00,28.83,156.60,67.47
Russia,2022,1.56,10857.00,3.10,142.25,0.10,77.55,71.87,544.95,4.05,96.23,4.27,87.95,79.42,1066.80,19.15,60.28,1026000.00,1619.20,49.78,1144.80,1507500.00,24.50,0.83,0.70,13.03,25.93,35.31,13.14,4.60,59.16,516.50,29.01,157.05,61.88
Russia,2004,1.70,10780.00,3.07,138.62,0.10,76.07,76.23,519.23,3.87,95.93,4.28,81.31,74.10,1046.85,18.62,59.42,994000.00,1633.60,49.34,1167.60,1453500.00,25.70,0.83,0.72,11.93,25.10,36.75,12.80,4.39,59.46,481.00,29.01,154.35,65.33
Russia,2008,1.57,10472.00,2.97,149.93,0.10,70.82,74.85,516.08,3.89,102.66,4.34,82.24,73.57,1098.30,19.23,61.21,998000.00,1523.20,47.28,1228.80,1482000.00,25.68,0.80,0.74,12.82,25.68,36.75,13.47,4.62,57.72,512.00,29.22,150.90,65.26
Russia,2003,1.60,11297.00,3.03,146.31,0.10,71.56,74.78,534.98,4.13,97.61,4.24,82.15,72.35,1004.85,19.21,60.34,977000.00,1526.40,51.16,1174.80,1548000.00,25.85,0.85,0.74,12.36,24.45,36.26,13.09,4.54,60.36,496.00,29.28,148.80,61.95
Russia,2012,1.63,10549.00,3.00,151.09,0.10,70.67,75.29,525.00,4.15,98.21,4.48,80.30,73.72,1085.70,18.14,62.63,972000.00,1601.60,46.70,1227.60,1446000.00,26.18,0.80,0.71,12.06,24.75,33.70,13.12,4.71,59.40,503.00,29.28,154.95,62.59
Russia,2017,1.64,10637.00,3.03,147.90,0.10,77.11,74.12,515.02,3.94,99.10,4.30,86.18,76.08,1076.25,19.32,61.08,967000.00,1614.40,46.60,1254.00,1458000.00,24.95,0.81,0.73,12.78,23.75,34.58,12.83,4.65,57.48,496.50,29.31,157.05,68.06
Russia,2005,1.70,10868.00,3.17,147.47,0.10,71.04,73.25,504.52,4.11,99.30,4.21,85.51,79.57,1102.50,19.29,60.16,1029000.00,1643.20,47.14,1213.20,1464000.00,23.93,0.83,0.75,12.03,23.95,36.65,12.69,4.43,62.28,507.50,29.46,147.60,63.90
Russia,2021,1.67,11341.00,3.22,148.34,0.10,70.74,75.87,525.00,3.93,102.17,4.27,86.60,72.96,1072.05,18.49,61.39,987000.00,1600.00,46.84,1192.80,1480500.00,25.20,0.81,0.72,13.04,23.82,35.10,12.78,4.43,57.30,505.00,29.46,151.80,65.58
Russia,2014,1.57,11319.00,2.98,140.07,0.10,75.18,73.62,547.58,4.17,100.48,4.35,88.20,77.29,1002.75,18.41,64.35,995000.00,1588.80,50.03,1201.20,1522500.00,26.07,0.80,0.73,12.30,25.23,33.84,12.39,4.72,57.78,520.50,29.49,148.20,63.51
Russia,2020,1.67,11396.00,3.10,141.23,0.10,71.56,72.38,544.95,4.14,98.70,4.15,81.65,77.52,1059.45,19.57,63.61,957000.00,1643.20,50.81,1221.60,1471500.00,26.20,0.81,0.74,12.36,24.88,33.60,13.49,4.49,60.18,509.00,29.82,144.45,62.47
Russia,2016,1.62,11154.00,3.06,147.18,0.10,76.44,73.76,544.95,4.11,100.98,4.35,81.73,74.40,1094.10,18.09,60.47,956000.00,1672.00,46.89,1147.20,1540500.00,26.23,0.81,0.74,12.30,25.30,36.30,12.57,4.83,60.24,502.00,30.12,157.20,63.44
Russia,2019,1.59,10626.00,3.18,143.26,0.10,70.82,70.28,546.52,4.11,100.98,4.45,85.26,76.61,1042.65,19.32,59.54,1005000.00,1619.20,47.97,1236.00,1462500.00,25.38,0.80,0.72,11.88,26.05,34.55,12.91,4.43,60.66,482.00,30.27,142.50,67.41
Russia,2018,1.58,10461.00,3.18,137.75,0.10,70.30,71.80,519.75,3.87,98.41,4.25,86.77,78.43,1010.10,19.59,64.17,1049000.00,1550.40,51.20,1210.80,1566000.00,25.73,0.80,0.70,12.10,25.88,33.88,13.42,4.66,57.60,524.00,30.27,144.60,68.25
Russia,2010,1.63,10670.00,3.12,140.36,0.10,75.63,69.91,539.17,3.82,98.31,4.33,85.85,72.58,1021.65,19.74,59.11,970000.00,1561.60,48.61,1228.80,1543500.00,25.95,0.80,0.71,12.26,24.35,35.35,12.62,4.66,60.06,492.50,30.39,147.90,62.73
Russia,2011,1.64,10593.00,2.96,138.47,0.10,76.66,76.08,546.52,3.84,99.10,4.31,84.42,76.84,1038.45,19.44,59.54,1035000.00,1640.00,47.38,1236.00,1516500.00,24.23,0.84,0.69,12.44,25.05,35.31,13.35,4.76,60.96,503.00,30.45,156.15,61.95
Russia,2006,1.64,10494.00,3.08,143.26,0.10,71.71,70.86,527.62,4.00,97.22,4.42,81.14,79.42,1097.25,19.84,59.85,966000.00,1652.80,50.13,1233.60,1528500.00,24.12,0.82,0.75,12.89,25.80,34.62,13.43,4.69,57.36,515.50,30.57,151.95,65.97
Russia,2002,1.58,11132.00,2.99,141.38,0.10,70.67,76.16,505.57,3.95,103.36,4.24,81.31,73.49,999.60,19.44,63.67,1008000.00,1628.80,48.85,1242.00,1569000.00,23.77,0.84,0.72,12.69,24.38,33.77,13.04,4.65,62.10,512.50,30.69,142.95,64.74
Russia,2000,1.64,10923.00,3.25,141.81,0.10,72.67,69.91,534.45,4.05,103.55,4.37,84.84,72.88,1058.40,18.60,62.13,986000.00,1660.80,49.15,1251.60,1429500.00,24.00,0.85,0.72,12.89,24.70,36.47,12.53,4.63,57.54,497.50,30.90,146.10,65.00
Russia,2015,1.63,11000.00,3.00,142.53,0.10,74.22,72.75,550.20,4.20,102.47,4.49,84.59,76.15,1058.40,18.45,60.96,950000.00,1539.20,48.85,1239.60,1551000.00,24.27,0.80,0.70,11.93,25.02,34.23,12.77,4.69,57.66,499.50,30.99,153.30,63.31
Russia,2023,1.64,10978.00,3.20,138.04,0.10,71.56,73.47,539.70,4.14,95.24,4.41,80.14,74.25,1002.75,18.26,63.92,1049000.00,1593.60,49.98,1184.40,1432500.00,25.75,0.86,0.72,12.36,24.55,35.28,12.54,4.69,58.62,477.50,31.02,150.15,65.33
Russia,2013,1.56,10934.00,3.08,151.24,0.10,74.22,71.37,543.38,3.86,95.34,4.21,81.48,76.61,1060.50,18.20,62.63,984000.00,1654.40,49.73,1177.20,1558500.00,25.93,0.79,0.75,12.44,25.57,33.60,12.92,4.73,57.12,502.00,31.23,149.55,62.73
India,2017,2.93,2016.00,5.04,1380.00,0.96,35.91,72.59,70.08,0.91,73.04,3.07,43.38,41.66,1467.00,11.89,69.58,1503204.00,2520.00,24.34,240.75,6124200.00,22.54,0.64,0.65,20.94,10.87,29.34,59.76,7.73,50.65,250.25,38.04,139.16,65.54
India,2011,2.81,2158.80,4.85,1341.36,1.02,34.48,66.62,75.12,0.88,76.44,3.20,45.99,41.90,1429.50,11.41,71.85,1373244.00,2340.00,24.26,253.25,6035700.00,22.01,0.68,0.64,22.97,10.60,27.44,60.84,7.40,49.35,260.50,38.16,142.94,68.51
India,2004,2.87,2081.10,4.70,1348.26,0.98,33.63,68.98,70.30,0.87,73.19,3.15,44.15,42.23,1479.00,12.07,68.02,1448332.00,2450.40,24.12,241.75,5941300.00,23.18,0.64,0.64,22.51,10.87,26.96,58.50,7.27,48.50,254.00,38.36,140.98,68.24
India,2021,2.82,2198.70,4.85,1422.78,0.96,33.60,69.54,74.61,0.89,76.44,3.25,45.09,41.16,1567.50,11.83,72.70,1462772.00,2356.80,24.05,245.00,5734800.00,22.54,0.63,0.68,22.34,11.29,27.22,59.34,7.69,50.15,244.00,38.44,142.52,63.69
India,2006,2.81,2076.90,4.68,1397.94,1.04,34.34,68.78,72.20,0.88,74.44,3.00,45.99,39.44,1551.00,11.99,71.50,1425228.00,2455.20,23.28,241.50,6165500.00,23.53,0.65,0.65,20.94,11.44,28.98,57.18,7.17,48.95,244.00,38.76,145.46,64.09
India,2019,2.92,2146.20,5.02,1327.56,0.96,33.98,69.96,70.44,0.87,75.11,3.01,46.80,39.93,1521.00,12.06,67.59,1487320.00,2500.80,23.06,249.50,5622700.00,22.49,0.67,0.64,21.24,11.32,28.90,57.00,7.14,49.75,251.50,38.96,139.30,65.74
India,2018,2.84,2024.40,4.57,1337.22,0.98,34.30,70.58,73.66,0.90,77.55,3.18,47.20,41.70,1522.50,11.84,69.58,1511868.00,2376.00,22.94,252.25,6147800.00,24.10,0.62,0.68,22.45,10.67,28.50,60.78,7.87,51.50,245.25,39.00,134.54,63.49
India,2001,3.00,2135.70,4.67,1328.94,0.97,36.16,71.27,74.83,0.91,71.11,3.07,43.97,39.65,1464.00,11.47,73.27,1399236.00,2404.80,23.98,241.50,5982600.00,22.03,0.63,0.68,21.55,11.11,28.48,62.34,7.26,49.80,256.25,39.40,138.60,63.10
India,2005,2.90,2163.00,4.62,1317.90,1.05,33.70,67.94,73.44,0.94,77.03,3.23,43.20,42.84,1452.00,12.47,71.64,1425228.00,2308.80,23.38,237.75,5841000.00,21.99,0.65,0.69,22.78,10.47,29.23,59.22,7.38,49.65,259.25,39.40,135.80,63.16
India,2014,2.73,2163.00,4.93,1359.30,0.97,34.09,68.91,74.53,0.92,71.56,3.12,45.13,42.02,1470.00,11.63,67.52,1469992.00,2340.00,22.99,240.50,5740700.00,21.94,0.64,0.65,21.40,10.89,28.39,61.38,7.62,50.05,241.50,39.40,145.04,64.94
India,2016,2.97,2062.20,4.68,1373.10,1.04,34.51,70.51,74.83,0.93,76.29,3.14,44.73,39.52,1447.50,11.54,72.99,1429560.00,2426.40,24.70,240.25,5752500.00,23.53,0.62,0.68,22.56,11.02,29.34,61.62,7.29,50.05,259.50,39.72,133.56,68.05
India,2022,2.76,2037.00,4.61,1400.70,1.04,35.88,66.97,71.98,0.88,72.00,3.03,45.27,39.16,1455.00,12.05,71.92,1508980.00,2368.80,23.74,246.50,5634500.00,23.74,0.66,0.70,21.31,10.59,27.83,58.56,7.52,51.40,248.50,39.92,136.64,67.58
India,2000,2.98,2102.10,4.87,1313.76,1.04,34.09,68.78,76.07,0.86,73.11,3.19,46.40,41.98,1500.00,11.50,70.01,1475768.00,2443.20,24.48,258.50,5929500.00,23.09,0.67,0.66,22.25,11.25,29.12,57.60,7.31,52.10,245.25,40.12,136.36,67.65
China,2004,14.11,10210.00,2.45,1342.08,0.29,59.94,73.94,440.10,1.82,95.06,4.03,67.80,71.26,6698.00,29.64,249.25,2041800.00,9610.00,20.97,233.52,4845000.00,32.40,0.77,0.84,1.95,65.26,123.12,53.78,3.44,61.55,100.60,40.15,173.11,75.24
India,2012,2.98,2127.30,4.58,1312.38,1.02,36.58,71.14,72.78,0.87,76.29,3.15,43.34,41.04,1521.00,12.29,71.71,1464216.00,2491.20,24.72,252.00,5858700.00,22.91,0.65,0.69,21.92,11.00,28.95,62.46,7.75,51.25,256.00,40.24,140.00,63.36
China,2010,14.87,10470.00,2.50,1402.19,0.30,61.26,79.31,461.70,1.75,95.16,3.91,66.11,71.61,7058.40,29.46,259.17,2072550.00,9610.00,22.70,237.12,5180000.00,32.47,0.77,0.80,2.08,62.20,116.76,53.46,3.74,64.83,99.10,40.24,169.39,69.48
India,2013,2.96,2106.30,4.82,1348.26,1.01,35.95,70.79,69.86,0.90,71.26,2.96,43.88,41.12,1429.50,11.42,72.70,1418008.00,2510.40,22.97,238.75,5734800.00,23.74,0.64,0.65,21.66,10.89,27.33,59.70,7.79,51.85,260.50,40.28,141.26,67.39
China,2009,14.30,9770.00,2.48,1441.34,0.30,61.08,77.16,447.75,1.78,93.22,3.99,67.34,66.64,6670.80,28.54,249.52,2099200.00,9670.00,21.41,240.48,4930000.00,34.85,0.80,0.83,2.04,62.53,124.44,56.16,3.46,61.93,104.60,40.28,174.70,70.56
India,2009,2.81,2190.30,4.70,1439.34,1.03,35.91,68.50,76.58,0.92,72.08,3.01,43.74,40.43,1435.50,12.59,71.71,1472880.00,2428.80,25.18,257.50,6029800.00,24.01,0.64,0.69,22.95,11.01,28.34,61.74,7.42,51.60,260.00,40.40,144.06,64.28
China,2019,14.77,9910.00,2.44,1340.68,0.30,58.74,74.17,438.75,1.77,93.61,4.16,63.83,69.37,6487.20,29.46,273.53,1984400.00,10470.00,22.15,228.48,4980000.00,34.95,0.73,0.79,1.93,65.33,120.96,53.03,3.43,61.42,104.70,40.40,183.90,69.34
India,2020,2.76,2058.00,4.68,1406.22,0.99,35.59,71.27,74.68,0.90,75.70,3.05,44.87,42.97,1510.50,12.46,73.27,1491652.00,2335.20,23.69,243.50,5929500.00,22.93,0.64,0.68,21.40,11.30,27.44,60.00,7.25,52.15,256.00,40.48,143.50,66.92
China,2014,14.24,9950.00,2.34,1349.07,0.31,58.92,80.46,447.75,1.73,100.98,3.84,63.12,73.29,6664.00,29.00,257.35,2125850.00,9790.00,21.03,236.16,4775000.00,33.49,0.74,0.80,2.02,65.33,123.24,55.62,3.52,60.23,104.60,40.53,185.32,69.84
China,2012,13.97,9980.00,2.40,1389.61,0.29,59.94,79.84,472.50,1.71,96.13,4.08,67.02,68.25,6983.60,30.45,256.82,2056150.00,10200.00,21.34,245.04,5205000.00,32.88,0.79,0.85,1.93,62.59,122.52,54.16,3.58,64.76,98.60,40.57,171.51,70.78
India,2015,2.84,2202.90,4.82,1425.54,0.99,35.80,69.96,71.25,0.94,72.30,3.22,43.20,38.95,1558.50,12.18,70.79,1490208.00,2289.60,24.53,251.25,5705300.00,23.74,0.66,0.66,21.22,10.71,26.85,62.94,7.49,52.15,255.75,40.60,145.60,63.49
China,2020,14.15,9770.00,2.47,1333.69,0.29,57.66,79.23,450.00,1.87,94.67,3.88,64.94,69.37,6616.40,29.26,248.21,2027450.00,10360.00,21.52,230.40,5020000.00,32.67,0.78,0.78,2.01,65.52,118.80,52.33,3.61,65.90,95.70,40.61,179.30,70.92
India,2002,2.86,2009.70,4.62,1323.42,1.03,33.70,68.29,70.52,0.92,70.60,2.97,44.15,39.89,1486.50,12.56,72.78,1438224.00,2414.40,22.85,254.00,6147800.00,23.32,0.65,0.66,21.48,10.76,29.23,62.58,7.69,49.15,250.00,40.68,143.22,68.57
China,2017,14.51,10150.00,2.51,1409.18,0.30,59.64,75.63,436.50,1.84,94.96,3.87,63.70,69.79,6480.40,29.23,256.30,2031550.00,10050.00,22.44,237.12,4985000.00,33.18,0.77,0.82,2.09,62.47,120.48,54.49,3.49,66.09,101.70,40.78,181.60,70.92
China,2015,14.02,10120.00,2.38,1410.58,0.30,61.98,78.46,429.75,1.82,97.58,3.88,65.45,68.81,6752.40,28.71,271.70,2064350.00,10080.00,23.10,231.36,4955000.00,35.46,0.74,0.78,2.01,64.81,123.84,54.05,3.50,60.35,95.50,40.99,172.93,70.13
India,2008,2.85,2018.10,4.79,1439.34,1.01,36.26,69.40,71.10,0.89,77.26,3.17,42.88,41.00,1452.00,12.12,72.35,1425228.00,2424.00,23.66,241.00,5953100.00,22.22,0.63,0.64,20.98,10.97,29.18,59.04,7.75,51.50,250.50,41.12,145.60,67.98
China,2002,13.97,9870.00,2.47,1430.15,0.31,59.58,75.09,466.65,1.82,93.02,3.81,66.75,72.52,6902.00,29.55,266.74,2136100.00,9830.00,21.93,237.36,5110000.00,35.19,0.75,0.80,2.06,61.88,123.72,56.70,3.45,61.36,98.50,41.20,185.14,75.17
India,2010,2.86,2083.20,4.58,1322.04,0.98,34.48,66.14,69.42,0.87,71.85,3.16,46.76,40.63,1495.50,11.65,69.15,1422340.00,2289.60,24.74,242.00,5622700.00,23.16,0.68,0.63,21.57,11.41,27.55,61.44,7.43,52.05,243.50,41.32,145.04,69.04
India,2023,2.79,2070.60,4.70,1411.74,1.03,34.05,70.09,76.07,0.93,74.67,3.16,45.18,39.98,1531.50,12.06,71.28,1428116.00,2383.20,22.82,261.25,5699400.00,21.90,0.64,0.67,21.94,10.74,28.00,57.36,7.16,48.25,240.75,41.36,133.28,66.20
India,2003,2.93,2129.40,5.04,1444.86,0.95,34.37,66.42,74.68,0.87,77.18,3.06,45.05,40.26,1491.00,11.98,73.77,1428116.00,2299.20,24.43,246.50,6165500.00,22.17,0.67,0.66,22.23,11.10,26.85,59.82,7.38,49.30,248.25,41.36,136.22,69.04
China,2000,13.64,10060.00,2.43,1446.93,0.31,58.56,76.09,459.00,1.86,98.65,4.02,66.56,71.12,6698.00,28.94,255.52,2045900.00,9690.00,22.00,230.16,4995000.00,35.50,0.72,0.85,2.04,62.20,115.80,54.00,3.68,63.13,102.90,41.75,185.32,72.14
China,2003,13.71,9900.00,2.47,1364.45,0.29,61.80,73.40,452.25,1.71,93.51,4.11,67.99,71.68,7065.20,28.57,263.09,1972100.00,9920.00,22.37,236.88,5160000.00,34.00,0.74,0.79,2.04,67.53,117.84,54.22,3.44,64.89,96.30,41.79,175.94,68.54
India,2007,2.78,2179.80,4.99,1397.94,1.03,34.34,71.00,74.83,0.87,74.44,3.00,46.71,40.10,1519.50,12.44,71.14,1393460.00,2426.40,25.01,247.00,6023900.00,23.55,0.61,0.68,22.25,10.93,28.90,60.60,7.72,47.70,239.00,41.84,137.06,67.78
China,2007,13.85,10290.00,2.39,1462.31,0.30,62.22,79.69,430.65,1.73,100.69,4.08,62.85,68.53,6596.00,27.93,257.87,2117650.00,9630.00,21.63,244.32,4970000.00,35.33,0.77,0.79,2.05,64.61,121.68,56.05,3.67,60.29,100.10,41.96,178.95,73.37
China,2006,14.76,9830.00,2.32,1411.98,0.30,59.52,78.39,437.40,1.76,93.99,3.97,66.56,67.48,6834.00,30.36,248.21,1986450.00,10110.00,22.13,235.44,4985000.00,33.49,0.75,0.78,2.03,62.92,125.76,53.46,3.59,59.98,104.80,42.13,178.59,69.05
China,2016,14.34,9520.00,2.36,1438.54,0.29,57.96,76.70,428.40,1.88,93.70,3.98,62.66,72.31,6949.60,28.57,257.08,2148400.00,10500.00,22.77,244.08,5175000.00,32.61,0.79,0.78,2.03,65.84,123.12,51.52,3.57,65.02,96.10,42.21,170.45,71.35
China,2001,14.00,10390.00,2.33,1437.14,0.30,62.28,79.46,439.20,1.84,95.93,3.98,63.31,71.54,6480.40,29.99,266.22,2150450.00,9520.00,22.33,234.96,5235000.00,33.49,0.75,0.84,1.93,65.91,120.84,55.30,3.70,61.11,104.20,42.50,185.14,74.66
China,2005,14.67,10200.00,2.33,1350.47,0.29,57.06,78.92,463.95,1.72,94.77,3.83,66.62,68.74,6507.60,29.67,247.95,1980300.00,10190.00,22.81,247.20,5235000.00,32.37,0.80,0.79,2.08,61.95,117.36,55.08,3.57,63.50,100.80,42.71,180.72,73.15
China,2023,13.72,9870.00,2.29,1407.79,0.29,61.86,73.10,430.20,1.81,97.78,3.93,62.40,70.35,6609.60,28.54,248.73,2111500.00,10170.00,20.94,230.88,5195000.00,35.16,0.79,0.81,1.92,64.67,116.76,56.54,3.58,65.77,95.30,43.22,184.26,71.14
China,2008,14.71,9790.00,2.46,1335.09,0.28,62.82,73.48,463.50,1.84,99.13,4.07,66.36,67.34,6956.40,29.49,249.78,2033600.00,9670.00,21.71,246.24,5155000.00,34.17,0.73,0.83,2.09,62.01,123.12,56.00,3.76,60.54,101.50,43.60,176.82,73.58
China,2021,14.88,10190.00,2.46,1427.36,0.29,59.94,72.87,427.50,1.83,101.36,4.07,65.58,73.36,6745.60,28.16,262.83,2150450.00,9500.00,21.10,243.84,5035000.00,35.09,0.76,0.85,2.09,66.17,120.60,51.35,3.63,65.71,99.10,43.68,177.35,71.42
China,2011,14.66,10400.00,2.50,1428.76,0.31,57.66,72.87,460.80,1.73,93.22,4.18,66.89,70.21,6942.80,29.00,257.08,2097150.00,9870.00,22.77,232.08,4755000.00,34.61,0.77,0.79,1.91,68.25,114.24,54.32,3.56,65.90,97.50,43.72,168.33,75.38
China,2018,14.23,9540.00,2.42,1361.65,0.31,61.74,77.77,437.40,1.78,98.55,4.04,65.26,68.81,6534.80,29.84,261.52,2009000.00,9730.00,21.19,230.88,5115000.00,32.67,0.73,0.83,1.93,67.60,115.68,56.43,3.63,60.48,95.30,43.93,170.45,71.14
China,2022,13.92,9540.00,2.29,1398.00,0.29,62.82,75.93,451.80,1.84,99.04,4.18,64.03,68.46,6568.80,30.19,269.87,2066400.00,10290.00,22.22,250.56,4930000.00,32.98,0.75,0.84,2.04,64.55,118.68,54.22,3.54,63.00,101.70,43.97,174.34,73.94
China,2013,14.44,10360.00,2.29,1393.81,0.30,57.90,76.47,462.15,1.81,93.61,4.10,62.59,67.69,6466.80,29.84,265.96,2127900.00,10020.00,22.20,251.28,4940000.00,32.84,0.74,0.78,2.01,62.85,125.04,56.43,3.54,64.83,103.50,44.02,182.13,71.86
USA,2023,21.17,63245.00,2.20,346.56,0.59,80.01,80.68,10890.00,2.48,102.27,4.97,88.73,86.36,4250.40,16.30,754.69,1342600.00,4977.60,32.37,12984.60,6672600.00,12.05,0.90,1.00,10.17,82.24,215.60,43.21,3.55,62.12,287.70,65.62,45.41,68.21
USA,2020,22.14,62205.00,2.26,333.98,0.58,82.75,81.24,10659.00,2.62,96.92,4.77,86.60,85.94,4095.00,16.69,737.12,1383200.00,5156.10,31.71,13440.20,6474600.00,11.63,0.93,0.97,10.70,78.00,229.68,43.74,3.64,59.91,301.20,65.96,44.01,64.19
USA,2011,21.47,64220.00,2.32,329.35,0.62,82.25,81.71,10791.00,2.55,102.96,5.12,88.29,87.55,4090.80,17.61,764.21,1394400.00,4875.60,33.59,13976.20,6560400.00,11.98,0.93,1.03,10.79,82.40,221.76,42.28,3.76,61.17,299.40,66.03,44.46,65.19
USA,2012,21.90,66105.00,2.21,344.24,0.63,86.24,80.60,11066.00,2.72,103.55,5.07,89.00,87.47,4191.60,16.93,754.69,1415400.00,5156.10,32.34,14003.00,6883800.00,12.11,0.91,0.98,10.27,77.20,227.04,42.33,3.86,62.18,297.30,66.58,42.98,69.41
USA,2009,20.38,67600.00,2.21,337.29,0.57,83.17,76.49,11528.00,2.56,102.56,5.14,88.20,81.69,4032.00,16.66,702.72,1339800.00,5237.70,34.22,13802.00,6309600.00,12.46,0.97,0.96,10.77,80.96,210.32,43.25,3.61,63.00,299.10,66.65,46.71,68.41
USA,2006,21.26,62465.00,2.19,328.35,0.62,86.90,81.55,11264.00,2.72,103.85,5.01,91.05,82.88,4006.80,17.07,759.82,1398600.00,5176.50,33.63,13601.00,6520800.00,11.82,0.92,0.98,10.68,81.60,216.92,42.20,3.82,60.35,291.90,66.86,44.37,63.92
USA,2000,20.87,65455.00,2.28,330.34,0.58,83.42,78.39,11209.00,2.60,100.78,5.12,84.73,88.23,4095.00,17.31,724.68,1464400.00,5156.10,31.88,13869.00,6626400.00,11.74,0.97,0.94,10.98,80.80,210.98,42.37,3.55,65.52,287.40,67.41,45.27,68.81
USA,2017,22.18,67405.00,2.36,329.01,0.61,83.00,79.73,10714.00,2.50,97.42,4.87,85.00,88.83,4065.60,17.03,718.82,1419600.00,5161.20,31.52,13051.60,6890400.00,11.50,0.93,0.98,10.39,81.20,229.90,41.93,3.65,60.48,300.00,67.90,44.64,64.66
USA,2008,20.66,66625.00,2.39,315.44,0.58,87.07,76.81,10626.00,2.49,96.62,5.03,88.73,87.47,4132.80,16.22,736.39,1379000.00,5161.20,31.98,12797.00,6342600.00,11.44,0.97,1.03,10.47,83.52,219.56,43.30,3.77,63.13,303.30,67.97,43.52,64.19
USA,2016,20.40,67990.00,2.33,335.30,0.57,81.42,75.38,11033.00,2.70,96.72,4.78,92.38,86.78,4317.60,17.70,718.82,1425200.00,5145.90,33.63,13587.60,6375600.00,11.71,0.96,0.94,10.10,80.16,230.34,44.18,3.56,65.27,285.90,69.14,46.84,66.53
USA,2004,21.43,67665.00,2.21,333.98,0.59,83.08,81.79,10483.00,2.56,101.97,4.88,87.84,86.78,4242.00,17.51,726.14,1390200.00,5283.60,34.09,13560.80,6659400.00,11.77,0.94,0.96,9.99,82.48,217.14,45.72,3.80,61.80,297.60,69.14,42.80,66.73
USA,2001,22.01,66365.00,2.25,342.58,0.62,83.58,77.52,10835.00,2.70,103.26,5.12,85.89,84.66,4258.80,17.66,757.62,1386000.00,5349.90,32.87,12783.60,6474600.00,11.88,0.92,0.98,10.50,78.00,209.66,42.99,3.64,63.06,306.90,69.28,45.05,63.65
USA,2022,20.38,66105.00,2.27,325.04,0.62,82.58,76.73,10824.00,2.72,99.99,5.11,86.33,85.17,4183.20,17.17,721.75,1400000.00,5140.80,33.76,13574.20,6289800.00,11.46,0.96,0.99,10.95,76.16,224.18,43.12,3.80,64.70,306.30,69.83,46.66,69.48
USA,2021,21.73,65390.00,2.23,323.72,0.62,79.76,82.11,11440.00,2.70,99.69,4.79,88.47,89.08,4229.40,17.36,710.77,1464400.00,4865.40,34.65,13520.60,6765000.00,12.58,0.93,0.94,10.90,77.52,219.12,44.70,3.76,65.71,307.20,70.17,43.52,69.08
Canada,2017,1.75,46782.00,1.90,36.74,0.87,80.92,82.46,5113.50,2.93,99.10,5.69,91.23,81.26,576.40,69.75,22.13,65475.00,530.82,37.01,494.50,952000.00,18.00,0.89,0.95,9.42,22.42,30.15,7.02,5.64,66.89,797.60,70.52,15.90,58.98
Canada,2018,1.66,43792.00,1.98,38.78,0.91,82.30,82.05,5465.25,2.84,102.66,5.72,89.84,84.41,541.20,68.27,23.48,70605.00,562.14,36.52,499.50,1040000.00,18.68,0.97,0.99,9.31,21.74,30.99,7.17,5.34,65.39,788.00,70.52,15.30,62.76
Canada,2002,1.79,47932.00,1.94,35.56,0.95,77.84,85.18,5082.00,2.75,96.82,5.72,95.79,84.16,552.20,66.93,22.31,68310.00,540.00,39.25,486.00,1037000.00,18.79,0.90,0.99,9.79,22.84,29.49,6.80,5.45,64.03,832.80,70.60,15.33,62.94
USA,2018,22.24,66300.00,2.32,317.43,0.60,79.51,76.57,10868.00,2.69,100.88,4.93,89.71,86.44,4380.60,17.20,731.27,1355200.00,5304.00,34.55,14003.00,6817800.00,12.25,0.97,0.95,10.84,81.92,213.40,44.13,3.54,60.16,298.80,70.86,43.70,68.61
Canada,2021,1.71,44160.00,1.86,38.37,0.87,81.16,79.42,5187.00,2.79,102.56,5.90,96.07,84.33,552.75,70.15,22.71,67972.50,551.34,36.10,509.00,955000.00,18.58,0.92,0.98,9.35,22.13,29.91,7.01,5.78,63.12,804.80,70.89,16.50,58.86
Canada,2015,1.75,45356.00,1.96,38.74,0.90,79.70,82.55,5402.25,2.95,97.32,5.81,91.61,85.32,562.65,65.06,22.29,65002.50,528.12,38.68,480.50,989000.00,18.47,0.96,0.93,9.55,21.21,30.63,7.06,5.57,67.28,774.40,70.97,15.82,59.88
Canada,2011,1.74,47840.00,1.85,37.89,0.94,84.00,78.76,5475.75,2.97,95.34,6.06,90.02,79.43,539.55,64.99,21.32,69255.00,561.60,38.49,494.50,1035000.00,18.63,0.97,0.94,9.04,22.42,29.25,6.99,5.72,66.11,773.60,71.11,16.48,60.12
USA,2013,21.17,63830.00,2.18,327.36,0.60,84.00,76.57,11319.00,2.65,96.72,4.77,87.93,82.62,4124.40,17.19,723.22,1446200.00,5135.70,33.03,14003.00,6520800.00,12.40,0.88,1.02,10.97,78.56,222.20,44.53,3.59,61.61,288.00,71.28,46.26,66.53
USA,2019,21.52,63375.00,2.28,318.09,0.61,84.66,78.55,11033.00,2.58,100.98,4.93,91.49,83.30,4048.80,16.81,734.93,1419600.00,4952.10,34.02,13855.60,6738600.00,11.71,0.88,1.03,10.90,83.60,210.32,45.41,3.86,60.67,306.60,71.28,44.28,70.28
USA,2002,21.17,67470.00,2.28,343.58,0.57,80.59,81.63,11055.00,2.50,97.12,5.13,91.49,81.00,4321.80,17.36,732.73,1436400.00,5089.80,33.23,13105.20,6626400.00,12.12,0.90,0.99,10.36,82.48,227.70,44.62,3.83,63.44,288.60,71.35,43.42,69.34
USA,2014,21.49,68120.00,2.21,319.08,0.61,82.58,76.57,11275.00,2.69,100.78,5.24,92.65,84.06,4237.80,16.66,752.50,1344000.00,5253.00,32.93,13266.00,6276600.00,12.16,0.92,0.97,10.44,78.00,225.28,43.78,3.72,65.27,313.20,71.55,47.16,69.75
USA,2005,21.34,66235.00,2.32,329.01,0.62,82.17,82.18,11198.00,2.49,94.05,5.18,89.09,82.45,4179.00,17.05,761.28,1412600.00,4982.70,33.20,13895.80,6428400.00,11.71,0.92,0.99,10.53,78.40,223.96,42.72,3.63,60.98,288.00,71.76,44.10,69.55
Canada,2010,1.82,46506.00,1.88,38.52,0.87,82.94,84.85,5370.75,2.84,98.31,6.08,91.33,86.40,565.95,68.34,22.80,64530.00,515.16,39.82,507.50,971000.00,17.62,0.89,1.00,9.22,22.20,30.60,6.73,5.44,62.98,766.40,71.85,16.58,58.38
Canada,2013,1.79,45448.00,1.89,37.92,0.91,84.00,79.75,5029.50,2.95,99.50,5.78,95.98,85.41,539.55,67.60,23.43,66690.00,545.94,38.42,491.00,1027000.00,18.79,0.96,0.96,9.83,22.99,29.40,7.03,5.48,65.78,830.40,72.00,16.32,58.62
USA,2007,20.96,66235.00,2.35,330.34,0.61,80.51,77.68,10978.00,2.56,103.85,5.16,88.20,82.70,4061.40,17.66,740.78,1404200.00,5304.00,32.93,13467.00,6732000.00,11.65,0.89,0.95,10.28,79.60,229.90,44.62,3.84,60.48,312.90,72.17,46.44,65.06
USA,2003,20.55,62010.00,2.24,345.89,0.62,83.58,78.39,10538.00,2.67,102.76,4.91,88.11,89.00,4204.20,17.61,744.44,1468600.00,5283.60,34.55,13775.20,6758400.00,12.13,0.91,1.00,10.72,80.32,227.70,43.65,3.53,61.30,304.20,72.17,43.60,69.14
USA,2015,20.72,64870.00,2.34,321.40,0.60,82.42,79.18,10560.00,2.49,103.95,5.16,92.56,89.00,4103.40,16.83,702.72,1437800.00,5227.50,32.37,13601.00,6461400.00,11.60,0.97,1.03,10.70,77.84,225.06,44.70,3.59,63.31,293.10,72.24,43.47,67.94
USA,2010,21.86,64220.00,2.30,338.94,0.61,78.85,82.66,10835.00,2.51,98.90,5.00,90.60,86.02,4032.00,16.49,707.11,1387400.00,5110.20,33.40,13895.80,6811200.00,12.16,0.93,1.01,10.03,80.88,220.00,42.94,3.65,60.80,294.90,72.31,46.30,64.25
Canada,2023,1.73,44804.00,1.88,35.59,0.93,83.11,79.17,5139.75,2.78,95.53,5.64,93.37,86.90,565.40,68.47,23.05,66015.00,565.92,37.70,480.50,1011000.00,18.79,0.92,0.98,9.24,21.32,29.13,6.96,5.44,64.61,800.80,72.37,15.52,62.28
Canada,2020,1.67,43700.00,1.85,35.70,0.88,78.33,81.48,5202.75,2.98,100.78,6.15,96.25,82.42,558.80,69.75,22.20,68107.50,561.60,36.33,503.00,1050000.00,17.17,0.91,0.94,8.98,21.47,30.18,7.29,5.65,62.85,796.00,72.74,15.33,62.64
Canada,2012,1.80,44574.00,1.99,36.37,0.90,80.35,85.18,5297.25,2.81,101.47,6.13,91.88,86.32,542.85,67.54,23.14,69997.50,540.00,39.14,494.50,1006000.00,18.54,0.96,0.95,9.85,21.63,31.05,6.94,5.43,65.97,808.00,72.82,15.84,58.56
Canada,2019,1.81,44896.00,1.84,35.48,0.87,80.19,85.43,5050.50,3.02,95.53,5.79,94.39,85.24,548.35,64.45,22.31,68850.00,536.22,37.35,517.00,1010000.00,17.17,0.91,0.99,9.02,22.77,29.52,7.03,5.35,66.04,821.60,73.41,15.86,59.22
Canada,2014,1.74,44574.00,1.83,37.26,0.86,78.97,85.35,5150.25,2.94,95.63,5.81,91.61,85.91,532.40,67.27,22.13,69930.00,556.74,36.29,493.50,1040000.00,17.21,0.92,0.93,9.64,22.09,28.50,6.90,5.71,65.84,790.40,73.41,15.73,59.28
Canada,2003,1.80,48208.00,1.81,37.55,0.91,78.41,85.51,5124.00,2.99,99.30,6.02,91.88,84.00,543.40,66.93,21.93,69525.00,520.02,39.79,512.50,1028000.00,18.36,0.92,0.99,9.10,21.21,31.11,7.05,5.57,66.23,811.20,73.41,15.76,61.68
Australia,2013,1.30,53795.00,1.55,26.23,1.30,83.59,83.65,5101.20,3.41,94.45,4.71,93.91,81.79,292.50,23.44,26.51,56260.00,394.01,15.26,583.20,864780.00,16.44,0.97,0.98,9.35,9.62,58.20,50.56,5.23,68.84,933.30,73.46,25.80,87.86
Canada,2009,1.75,44160.00,1.81,37.37,0.92,82.46,81.97,5229.00,2.79,103.45,5.92,94.86,84.91,530.75,69.21,22.42,67095.00,566.46,38.65,495.50,1040000.00,17.69,0.92,0.95,9.39,22.62,31.41,7.04,5.61,65.45,790.40,73.48,15.42,61.62
Canada,2022,1.75,45678.00,1.81,36.93,0.94,83.92,85.26,5418.00,2.82,103.75,5.81,93.93,81.59,552.75,64.52,22.87,69592.50,548.64,39.06,519.50,1009000.00,17.19,0.97,0.99,9.39,21.10,29.40,6.89,5.66,64.16,792.80,73.70,15.28,59.70
Canada,2006,1.67,45218.00,1.88,36.30,0.87,82.13,83.70,5444.25,2.80,99.79,5.81,90.02,81.92,529.10,63.85,22.15,66015.00,554.04,38.19,486.50,991000.00,17.60,0.93,0.97,8.95,21.10,29.46,6.78,5.50,61.88,762.40,73.78,15.84,57.54
Australia,2019,1.39,51410.00,1.45,25.60,1.35,83.85,86.74,5449.60,3.54,103.85,4.94,92.46,88.41,294.30,22.08,26.32,60726.00,401.80,15.71,576.00,904800.00,17.83,0.90,0.93,10.03,9.24,59.82,54.75,4.89,63.89,936.90,74.23,26.12,91.72
Australia,2020,1.27,52311.00,1.56,25.90,1.30,88.67,80.90,5252.00,3.56,101.87,4.89,91.64,82.82,299.40,22.10,27.69,55854.00,421.89,16.05,610.80,883920.00,16.88,0.90,0.93,9.43,9.40,59.28,52.79,5.12,67.39,918.00,74.54,24.23,92.18
Australia,2011,1.33,50615.00,1.54,24.57,1.35,83.33,87.15,5168.80,3.29,94.45,4.78,88.36,87.98,298.50,23.74,27.11,57768.00,429.27,16.50,626.40,879570.00,17.43,0.94,0.93,9.38,9.66,60.54,55.44,5.04,63.43,899.10,74.61,25.20,92.28
Canada,2000,1.65,47932.00,1.96,36.63,0.90,79.54,84.60,5113.50,2.84,98.31,5.69,89.75,85.99,559.90,68.81,22.58,67972.50,516.78,36.18,501.50,985000.00,17.51,0.96,0.94,9.46,22.33,29.52,7.22,5.43,65.06,795.20,74.74,16.42,63.00
Australia,2015,1.34,54908.00,1.52,24.65,1.32,90.04,81.73,5376.80,3.47,101.77,4.94,95.09,89.61,291.90,23.02,27.03,60030.00,423.12,16.53,572.40,881310.00,16.17,0.96,0.91,9.92,9.64,59.28,53.42,4.76,66.53,892.80,74.84,25.07,87.95
Australia,2003,1.37,53954.00,1.47,25.32,1.32,87.89,80.40,5257.20,3.53,103.95,4.73,94.73,88.06,310.20,21.87,26.34,55622.00,416.56,16.00,616.80,860430.00,17.46,0.98,0.93,9.54,9.08,61.44,51.30,5.13,67.19,895.50,74.84,23.85,92.55
Canada,2005,1.81,45540.00,1.96,37.37,0.89,80.19,85.67,5423.25,2.95,96.03,5.94,93.28,84.16,530.20,65.93,22.02,67635.00,515.16,38.87,485.50,998000.00,18.59,0.96,0.96,9.17,22.20,28.74,7.01,5.49,64.28,836.00,75.04,15.30,57.78
Canada,2016,1.71,46874.00,1.96,37.07,0.91,84.64,78.93,5460.00,2.87,103.65,5.96,90.21,82.17,532.95,67.80,22.40,69660.00,550.80,38.34,523.50,1021000.00,17.30,0.90,0.93,9.40,21.21,30.57,6.81,5.86,63.57,834.40,75.26,15.74,58.80
Australia,2004,1.36,55544.00,1.46,24.62,1.32,84.02,82.23,5376.80,3.46,95.83,4.97,90.36,86.69,305.70,22.20,28.00,56318.00,396.88,15.39,596.40,843030.00,16.80,0.94,0.98,10.05,9.04,57.30,55.12,5.20,64.55,876.60,75.69,25.65,90.34
Canada,2008,1.67,47426.00,1.89,36.52,0.92,77.03,78.27,5250.00,2.80,96.72,5.99,91.33,81.09,539.00,69.75,23.14,66015.00,532.98,37.24,512.00,1000000.00,18.20,0.90,0.95,9.32,21.03,30.96,6.82,5.40,65.97,762.40,75.78,15.39,59.64
Australia,2023,1.27,51304.00,1.54,24.38,1.36,84.37,83.40,5434.00,3.53,94.35,4.94,86.81,87.20,307.50,23.00,26.40,58812.00,396.47,16.53,591.60,834330.00,16.51,0.95,0.94,9.99,9.77,58.26,53.80,4.75,69.23,910.80,75.92,25.88,94.39
Australia,2000,1.38,51039.00,1.54,26.15,1.26,82.65,80.90,5366.40,3.30,103.55,4.71,91.18,86.95,298.50,21.99,27.50,56376.00,421.48,16.00,574.20,867390.00,16.59,0.92,1.00,9.50,9.60,61.38,52.47,4.78,63.49,855.00,76.15,24.68,89.15
Canada,2001,1.72,45034.00,1.95,38.66,0.93,80.03,79.58,5103.00,3.04,94.74,5.83,93.09,82.09,540.10,66.13,22.29,69592.50,535.68,38.04,493.00,978000.00,18.45,0.90,0.94,9.47,21.25,29.16,7.10,5.57,65.39,817.60,76.22,16.13,62.04
Australia,2014,1.32,52046.00,1.47,24.82,1.26,87.81,86.07,5018.00,3.34,96.62,4.99,91.73,89.27,294.90,22.56,26.51,56028.00,408.36,15.86,586.80,848250.00,17.59,0.97,0.93,9.70,9.06,59.70,51.15,4.79,62.90,877.50,76.23,24.90,90.34
Canada,2007,1.82,44712.00,1.90,38.74,0.88,83.11,78.68,5108.25,2.83,95.34,5.89,89.65,81.75,558.25,63.92,22.09,70065.00,561.06,39.37,511.00,1023000.00,17.17,0.92,0.95,9.61,20.92,29.97,7.21,5.84,67.41,772.00,76.44,15.47,57.24
Australia,2010,1.35,50880.00,1.50,25.00,1.25,83.76,81.06,5012.80,3.31,94.74,5.05,88.91,87.72,291.30,22.45,26.59,56608.00,413.28,15.38,593.40,901320.00,16.25,0.94,0.96,9.27,9.82,59.46,51.04,4.94,68.11,857.70,76.61,25.80,90.90
Australia,2006,1.27,50668.00,1.53,25.38,1.35,88.41,82.07,4945.20,3.29,94.45,5.13,89.09,88.32,294.00,23.05,26.81,57478.00,423.94,16.45,574.80,867390.00,17.02,0.92,1.00,9.76,9.44,61.32,51.04,5.25,64.09,860.40,76.61,25.10,92.83
Australia,2021,1.32,50827.00,1.56,25.52,1.27,83.42,86.57,5070.00,3.57,97.22,4.84,89.27,88.41,303.60,23.14,28.71,58464.00,403.85,16.08,598.20,849990.00,17.02,0.99,1.00,9.45,9.33,61.08,50.56,4.77,67.78,863.10,76.69,25.38,96.51
Canada,2004,1.80,45126.00,1.83,38.04,0.91,80.19,84.93,5239.50,2.89,96.13,6.00,92.53,85.91,575.85,70.02,23.03,67432.50,545.94,37.70,514.00,965000.00,18.29,0.94,0.93,9.07,21.45,28.59,6.83,5.49,65.97,803.20,76.74,15.38,59.16
Australia,2002,1.36,51145.00,1.50,25.12,1.30,84.11,82.40,5402.80,3.37,97.61,4.87,91.91,83.94,303.00,23.32,28.16,57710.00,428.86,16.43,627.60,837810.00,17.54,0.95,0.94,9.39,9.63,60.96,51.99,5.13,63.29,942.30,76.92,25.15,90.99
Australia,2008,1.34,52523.00,1.46,25.62,1.28,86.34,82.98,5387.20,3.44,99.89,4.76,86.81,84.71,309.00,23.07,26.73,60262.00,406.72,15.31,603.60,857820.00,17.14,0.91,0.91,9.73,9.48,61.20,54.06,4.95,66.73,943.20,77.00,25.62,88.04
Australia,2001,1.34,53901.00,1.55,23.90,1.29,88.84,85.57,5402.80,3.56,99.89,4.80,93.18,89.70,288.90,21.90,27.20,59276.00,395.24,15.52,580.80,840420.00,17.83,0.98,0.92,9.61,8.97,58.38,53.85,5.00,64.09,928.80,77.54,25.10,94.94
Australia,2012,1.29,51728.00,1.45,25.68,1.30,85.05,82.23,5210.40,3.25,99.89,5.13,95.55,84.54,292.80,22.89,28.77,55680.00,427.22,15.36,579.60,897840.00,17.19,0.98,0.97,9.99,9.05,60.36,53.80,5.09,65.27,908.10,77.85,24.88,96.14
Australia,2005,1.29,54537.00,1.48,25.62,1.33,81.87,80.31,4981.60,3.46,99.79,4.69,87.45,84.19,294.90,22.86,27.34,57884.00,418.61,16.19,615.00,833460.00,17.37,0.91,0.93,9.61,9.15,62.40,55.44,5.11,64.28,930.60,77.92,26.07,92.09
Australia,2022,1.29,52205.00,1.49,26.25,1.35,85.14,81.23,5324.80,3.28,100.29,4.97,88.72,82.73,310.50,22.84,27.20,60494.00,396.88,16.43,581.40,848250.00,16.44,0.96,1.00,9.70,9.33,59.70,54.01,4.92,67.58,940.50,78.92,23.90,93.56
Australia,2009,1.37,54007.00,1.54,24.18,1.29,88.15,81.32,5309.20,3.44,98.41,4.81,94.09,82.30,296.10,22.75,26.32,58058.00,414.10,16.02,576.60,895230.00,16.42,0.98,0.98,9.86,9.82,60.60,54.70,4.81,63.36,864.00,80.16,24.95,94.21
Australia,2016,1.29,54749.00,1.54,24.12,1.34,83.25,82.57,5356.00,3.24,100.29,5.12,91.27,82.04,291.90,23.55,27.69,56144.00,413.69,16.54,627.60,912630.00,17.61,0.99,0.94,10.08,9.17,62.10,51.41,4.83,69.10,857.70,80.70,25.27,96.60
Australia,2018,1.30,53689.00,1.49,25.07,1.31,89.96,85.99,4960.80,3.48,101.97,4.98,87.81,84.71,288.60,22.61,26.84,58058.00,429.27,15.49,621.60,837810.00,17.61,0.94,0.94,9.39,9.87,61.44,52.73,4.80,63.49,909.00,80.77,25.90,88.14
Australia,2007,1.33,51251.00,1.47,25.73,1.28,87.20,84.98,5080.40,3.30,94.84,5.13,90.82,84.88,303.90,24.08,28.77,55158.00,419.84,16.29,628.80,912630.00,17.58,0.90,0.96,9.37,9.24,57.24,51.52,4.99,68.84,917.10,80.77,24.70,94.76
Australia,2017,1.40,52841.00,1.44,24.62,1.32,86.34,82.65,5257.20,3.23,103.85,4.88,88.82,82.82,288.90,22.22,28.71,59044.00,416.97,16.30,615.00,911760.00,17.83,0.93,0.92,9.29,9.38,62.82,51.78,5.09,67.12,870.30,80.85,24.48,91.36
